<?xml version="1.0" encoding="utf-8"?>
<odoo>
        <record model="ir.module.category" id="module_category_website_custom">
            <field name="name">financial institution</field>
            <field name="sequence">200</field>
            <field name="visible" eval="0" />
    </record>
      <record id="group_warning_website" model="res.groups">
         <field name="name">financial institution</field>
         <field name="category_id" ref="website_custom.module_category_website_custom"/>

     </record>
     <record id="crm_rule_personal_lead1" model="ir.rule">
        <field name="name">Personal Leads</field>
        <field ref="model_financial_institution" name="model_id"/>
        <field name="domain_force">[('delegate_name.id','=',user.id)]</field>
        <field name="groups" eval="[(4, ref('group_warning_website'))]"/>
    </record>
</odoo>